rsID	PPA	Chr	Lead_variant_rsID
rs3740390	0.301587	10	rs11191416
rs10883808	0.107246	10	rs11191416
rs11191514	0.224072	10	rs11191416
rs4918072	0.192908	10	rs4918072
rs2067831	0.120871	10	rs4918072
rs35041090	0.102471	10	rs4918072
rs61848342	0.230529	10	rs61848342
rs7090277	0.195736	10	rs61848342
rs57062879	0.128495	10	rs61848342
rs2001546	0.128495	10	rs61848342
rs4237540	0.11057	10	rs4752700
rs9337951	0.494939	10	rs1887318
rs2505083	0.299766	10	rs1887318
rs1870634	0.200542	10	rs1870634
rs1870635	0.14374	10	rs1870634
rs17680741	0.32783	10	rs17680741
rs12260962	0.215208	10	rs17680741
rs55943223	0.193835	10	rs17680741
rs7093808	0.193835	10	rs17680741
rs1412444	0.436894	10	rs2246942
rs1412445	0.14823	10	rs2246942
rs2246833	0.123293	10	rs2246942
rs4754698	0.264272	11	rs7947761
rs607562	0.168216	11	rs7947761
rs604723	0.163828	11	rs7947761
rs964184	0.312541	11	rs964184
rs1343322	0.267486	1	rs11806316
rs7116641	0.102838	11	rs7116641
rs2862996	0.125434	11	rs7116641
rs2679059	0.179375	11	rs7116641
rs11810571	0.287558	1	rs11810571
rs1521185	0.15593	1	rs11810571
rs3811414	0.197088	1	rs11810571
rs1892094	0.219037	1	rs1892094
rs17349271	0.11082	1	rs1892094
rs472109	0.116883	11	rs10840293
rs10840293	0.144681	11	rs10840293
rs378825	0.101975	11	rs10840293
rs360136	0.101975	11	rs10840293
rs2819348	0.199919	1	rs2820315
rs60154123	0.272298	1	rs60154123
rs608791	0.323673	1	rs60154123
rs4844996	0.123004	1	rs60154123
rs7137828	0.105361	12	rs10774625
rs10774624	0.449661	12	rs10774625
rs7310615	0.156992	12	rs10774625
rs3184504	0.225255	12	rs10774625
rs2244608	0.382321	12	rs2244608
rs35158675	0.114577	1	rs67180937
rs36096196	0.227933	1	rs36096196
rs11806567	0.179372	1	rs36096196
rs2493134	0.224466	1	rs699
rs699	0.271094	1	rs699
rs3741414	0.128462	12	rs2229357
rs2229357	0.412486	12	rs2229357
rs11838267	0.143894	12	rs11838267
rs77620124	0.107922	12	rs11838267
rs16933084	0.115945	12	rs11838267
rs12146727	0.273163	12	rs11838267
rs11105353	0.177177	12	rs2681472
rs11105352	0.160148	12	rs2681472
rs11107903	0.156605	12	rs7306455
rs11107896	0.140082	12	rs7306455
rs12817989	0.10584	12	rs7306455
rs9513095	0.425779	13	rs1924981
rs2493298	0.284577	1	rs2493298
rs2493296	0.154825	1	rs2493298
rs2493292	0.330495	1	rs2493298
rs4072980	0.404292	1	rs61776719
rs35267671	0.156518	1	rs61776719
rs34655914	0.142119	1	rs61776719
rs175040	0.167196	14	rs7145159
rs175080	0.178354	14	rs7145159
rs28929474	0.373422	14	rs112635299
rs72743461	0.276438	15	rs72743461
rs17228058	0.218821	15	rs72743461
rs17293632	0.194745	15	rs72743461
rs56062135	0.154343	15	rs72743461
rs56375023	0.154343	15	rs72743461
rs17114046	0.100062	1	rs56170783
rs9970807	0.127225	1	rs56170783
rs56170783	0.271648	1	rs56170783
rs72664335	0.100062	1	rs56170783
rs72664355	0.144854	1	rs56170783
rs1807214	0.165653	15	rs2083460
rs734780	0.108447	15	rs2083460
rs17581137	0.1371	15	rs17581137
rs2397810	0.150527	15	rs17581137
rs6496126	0.127878	15	rs17581137
rs6496128	0.155976	15	rs17581137
rs4628911	0.144007	15	rs17581137
rs4544201	0.144007	15	rs17581137
rs12149545	0.225723	16	rs247616
rs56228609	0.187077	16	rs247616
rs17231506	0.170114	16	rs247616
rs56156922	0.116615	16	rs247616
rs2074626	0.229328	16	rs1050362
rs12716922	0.366597	16	rs7199941
rs12936587	0.211437	17	rs9897596
rs4299203	0.147082	17	rs9897596
rs7503334	0.106596	17	rs9897596
rs216196	0.223099	17	rs57130712
rs7220401	0.256997	17	rs13723
rs13723	0.187227	17	rs13723
rs871014	0.136765	17	rs13723
rs3809790	0.138817	17	rs13723
rs3809789	0.124857	17	rs13723
rs76954792	0.132089	17	rs76954792
rs11658518	0.223989	17	rs76954792
rs28524657	0.233669	17	rs76954792
rs62062240	0.10305	17	rs76954792
rs2074164	0.144823	17	rs2074158
rs4796772	0.104542	17	rs2074158
rs1962412	0.215315	17	rs4643373
rs9905761	0.196096	17	rs8068952
rs2378816	0.11198	17	rs8068952
rs9892152	0.353099	17	rs1867624
rs2070783	0.155768	17	rs1867624
rs2812	0.348746	17	rs1867624
rs9964304	0.203081	18	rs9964304
rs12953394	0.295327	18	rs9964304
rs12965923	0.232168	18	rs9964304
rs55791371	0.161065	19	rs6511720
rs56289821	0.273641	19	rs6511720
rs55997232	0.141117	19	rs6511720
rs73045269	0.362255	19	rs15052
rs56254331	0.301888	19	rs15052
rs15052	0.116931	19	rs15052
rs6102343	0.414685	20	rs6102343
rs260020	0.161291	20	rs260020
rs459588	0.139967	20	rs260020
rs171839	0.182298	20	rs260020
rs2832227	0.101263	21	rs2832227
rs2832230	0.124547	21	rs2832227
rs13034360	0.141926	2	rs17678683
rs13034331	0.122425	2	rs17678683
rs16823835	0.381898	2	rs17678683
rs13018460	0.180079	2	rs17678683
rs7580802	0.174865	2	rs12999907
rs515135	0.200309	2	rs585967
rs668948	0.49149	2	rs585967
rs541041	0.294052	2	rs585967
rs5760302	0.126732	22	rs62233992
rs28361287	0.101743	22	rs62233992
rs57636940	0.101159	22	rs62233992
rs5760293	0.111779	22	rs62233992
rs2943646	0.109865	2	rs2972146
rs1801251	0.289847	2	rs13003675
rs7580831	0.117694	2	rs11677932
rs6544713	0.277894	2	rs4299376
rs1561198	0.321534	2	rs7568458
rs4678145	0.397798	3	rs4678145
rs17843797	0.363674	3	rs4678145
rs10512861	0.37361	3	rs10512861
rs17404153	0.168085	3	rs10512861
rs17345563	0.120751	3	rs10512861
rs667920	0.398043	3	rs667920
rs2306374	0.204681	3	rs185244
rs9818870	0.116129	3	rs185244
rs34991912	0.212886	3	rs748431
rs6789614	0.11563	3	rs748431
rs35462537	0.117982	3	rs748431
rs4266144	0.281653	3	rs4266144
rs4561781	0.235389	3	rs4266144
rs4368453	0.196929	3	rs4266144
rs12487629	0.164925	3	rs4266144
rs6797587	0.245208	3	rs7617773
rs13134800	0.218907	4	rs11723436
rs10006310	0.197397	4	rs35879803
rs10003835	0.138345	4	rs35879803
rs1878406	0.147818	4	rs6841581
rs6842241	0.219292	4	rs6841581
rs7696431	0.213474	4	rs7696431
rs6854026	0.132629	4	rs7696431
rs2227901	0.140916	4	rs72627509
rs3796529	0.178648	4	rs72627509
rs13106227	0.161991	4	rs12500824
rs13125101	0.15994	4	rs10857147
rs16998073	0.15994	4	rs10857147
rs3775058	0.116568	4	rs3775058
rs1434536	0.156466	4	rs3775058
rs10045704	0.123674	5	rs1800449
rs10477741	0.121202	5	rs77335401
rs3936511	0.138337	5	rs3936511
rs28650790	0.16258	5	rs3936511
rs3936510	0.4181	5	rs3936511
rs113140904	0.232391	5	rs1508798
rs74982463	0.141125	5	rs1508798
rs742115	0.354162	6	rs742115
rs6917014	0.215605	6	rs742115
rs6918500	0.11788	6	rs742115
rs9398803	0.216149	6	rs1591805
rs1967917	0.2061	6	rs12202017
rs17080091	0.238826	6	rs17080091
rs9501744	0.230889	6	rs9501744
rs72836800	0.196766	6	rs9501744
rs62390615	0.196766	6	rs9501744
rs2569881	0.359448	6	rs9501744
rs6909752	0.159167	6	rs2876643
rs13200993	0.159167	6	rs2876643
rs6909574	0.444285	6	rs2876643
rs2814944	0.121566	6	rs4472337
rs16894959	0.218569	6	rs4472337
rs2744937	0.120036	6	rs4472337
rs1321309	0.318904	6	rs1321309
rs10947789	0.318115	6	rs56015508
rs10947787	0.254915	6	rs56015508
rs9394577	0.101529	6	rs56015508
rs6905288	0.482626	6	rs6905288
rs4711750	0.44097	6	rs6905288
rs4613862	0.189936	6	rs4613862
rs885582	0.192936	6	rs4613862
rs6906586	0.159631	6	rs4613862
rs11509880	0.299805	7	rs11509880
rs3173615	0.167841	7	rs11509880
rs10278591	0.110403	7	rs10267593
rs7797644	0.127303	7	rs7797644
rs4724806	0.127303	7	rs7797644
rs2303361	0.120998	7	rs7797644
rs28416651	0.212706	8	rs10093110
rs7830388	0.160455	8	rs10093110
rs302953	0.146383	8	rs10093110
rs6993696	0.115304	8	rs10093110
rs12216772	0.104039	8	rs10093110
rs6982502	0.181499	8	rs2954029
rs2980875	0.209741	8	rs2954029
rs6997340	0.19167	8	rs6997340
rs1115784	0.338638	8	rs6997340
rs6984210	0.479694	8	rs6984210
rs944172	0.235574	9	rs944172
rs1967604	0.305037	9	rs944172
rs1411357	0.123902	9	rs944172
rs885150	0.301829	9	rs885150
rs10985347	0.113883	9	rs885150
rs10985348	0.113883	9	rs885150
rs10818578	0.141607	9	rs885150
rs2519093	0.285861	9	rs507666
rs600038	0.208856	9	rs507666
rs507666	0.170851	9	rs507666
rs532436	0.113565	9	rs507666
rs4752700	0.774959	10	rs4752700
rs988739	0.601223	10	rs1870634
rs651821	0.669237	11	rs964184
rs11806316	0.722054	1	rs11806316
rs2228145	0.85445	1	rs6689306
rs2820315	0.790235	1	rs2820315
rs1169288	0.616086	12	rs2244608
rs11057830	0.941974	12	rs11057830
rs10841443	0.777491	12	rs10841443
rs11170820	0.904383	12	rs11170820
rs9319428	0.504806	13	rs1924981
rs8003602	0.569118	14	rs10139550
rs2145598	0.739762	14	rs2145598
rs112635299	0.626558	14	rs112635299
rs6494488	0.934044	15	rs6494488
rs17514846	0.78638	15	rs2071382
rs1050362	0.531399	16	rs1050362
rs7199941	0.631075	16	rs7199941
rs170041	0.728234	17	rs57130712
rs34626245	0.662709	19	rs10417115
rs3827066	0.889151	20	rs3827066
rs1250229	0.873705	2	rs17517928
rs11677932	0.745647	2	rs11677932
rs4245791	0.7209	2	rs4299376
rs582384	0.867306	2	rs582384
rs185244	0.550669	3	rs185244
rs7617773	0.698475	3	rs7617773
rs34759087	0.719919	3	rs7623687
rs7678555	0.707643	4	rs11723436
rs6841581	0.630432	4	rs6841581
rs7692387	0.947144	4	rs2306556
rs6823685	0.549524	4	rs7696431
rs2073505	0.946324	4	rs16844401
rs12500824	0.700942	4	rs12500824
rs10857147	0.564789	4	rs10857147
rs273909	0.870035	5	rs77335401
rs2327429	0.749324	6	rs12202017
rs12663498	0.706405	6	rs17080091
rs55730499	0.902382	6	rs10455872
rs644045	0.854618	6	rs3130683
rs2395655	0.629137	6	rs1321309
rs9367716	0.947044	6	rs9367716
rs975722	0.835205	7	rs975722
rs10237377	0.877101	7	rs10237377
rs10267593	0.547829	7	rs10267593
rs2954022	0.542158	8	rs2954029
rs9695122	0.850181	9	rs111245230
rs602633	0.999807	1	rs7528419
rs974819	0.993544	11	rs2839812
rs11601507	1	11	rs11601507
rs3741380	0.950663	11	rs12801636
rs590121	0.976147	11	rs590121
rs6700559	0.971392	1	rs6700559
rs11617955	0.99943	13	rs11617955
rs1317507	0.999187	13	rs1317507
rs11591147	1	1	rs11591147
rs7173743	0.960731	15	rs7164479
rs7500448	0.999953	16	rs7500448
rs17608766	0.996879	17	rs17608766
rs7412	1	19	rs7412
rs116843064	1	19	rs116843064
rs867186	0.972219	20	rs867186
rs28451064	0.999951	21	rs28451064
rs16986953	1	2	rs16986953
rs2571445	0.965059	2	rs2571445
rs12897	0.996481	3	rs12897
rs7633770	0.972285	3	rs7633770
rs11099493	0.99759	4	rs11099493
rs246600	0.999998	5	rs246600
rs9349379	1	6	rs9349379
rs11556924	1	7	rs11556924
rs3918226	1	7	rs3918226
rs2107595	0.999047	7	rs2107595
rs2107732	0.984892	7	rs2107732
rs4977574	0.999969	9	rs2891168
